{
    "ConfigVersion": 1,
    "ID": 1,
    "ClassName": "ExpansionQuestNPCAIDenis",
    "IsAI": 1,
    "Position": [
        3706.27001953125,
        402.0119934082031,
        5987.080078125
    ],
    "Orientation": [
        282.0,
        0.0,
        0.0
    ],
    "QuestIDs": [
        200,
        300,
        400,
        401,
        500,
        501,
        502,
        503,
        504,
        505
    ],
    "NPCName": "Peter",
    "DefaultNPCText": "Hmm?",
    "Waypoints": [
        [
            3706.27001953125,
            402.0119934082031,
            5987.080078125
        ]
    ],
    "NPCEmoteID": 46,
    "NPCEmoteIsStatic": 0,
    "NPCLoadoutFile": "TraderGroup",
    "IsStatic": 0
}